Date,Low,High,Close,Open,Volume,predicted_low,predicted_high,predicted_mean,signal1,signal2
2021-11-11,63580.0,65559.5,65559.5,64393.5,681765600.0,61347.484,66519.54,64183.31,0,0
2021-11-12,63404.0,66387.0,63603.5,65559.5,955110700.0,59113.65,64462.797,66145.26,2,0
2021-11-13,58533.0,63603.5,60100.0,63603.5,2142131300.0,60475.008,64863.76,65225.086,0,0
2021-11-14,58388.0,60890.0,60360.0,60100.0,1258905400.0,55210.098,60649.117,62096.082,0,0
2021-11-15,56460.0,60988.0,56903.5,60360.0,1765707300.0,54800.523,59731.93,62188.76,0,0
2021-11-16,55655.0,58338.0,58076.5,56903.5,1000498100.0,52347.406,57816.66,60735.34,0,0
2021-11-17,57415.5,59862.5,59739.5,58076.5,664355500.0,55496.26,60187.61,61876.047,0,0
2021-11-18,58505.5,60050.0,58650.0,59739.5,654914600.0,54658.062,59743.086,62959.574,0,0
2021-11-19,55560.0,59576.5,56271.0,58650.0,1419633600.0,57159.03,62343.324,65333.164,0,0
2021-11-20,55335.5,57885.5,57546.0,56271.0,1181629700.0,52971.6,58608.355,61784.812,0,0
2021-11-21,55888.0,57755.5,57175.5,57546.0,863038900.0,51305.086,57699.93,61404.332,0,1
2021-11-22,57055.0,59448.5,58976.0,57175.5,887460300.0,50784.477,57458.92,60978.242,0,1
2021-11-23,53511.0,59186.5,53782.0,58976.0,1783383500.0,55006.445,60970.156,59694.855,0,0
2021-11-24,53647.5,55284.0,54750.5,53782.0,569449500.0,47699.11,53327.75,57691.31,0,1
2021-11-25,53315.5,57480.5,57343.0,54750.5,907317800.0,50351.746,55431.875,62052.027,0,1
2021-11-26,56737.5,58919.0,57842.5,57343.0,873341400.0,52069.53,58184.34,58107.684,0,1
2021-11-27,55925.0,59282.0,56968.5,57842.5,1345916000.0,58228.64,63443.984,63947.15,0,2
2021-11-28,56497.0,59124.0,57202.0,56968.5,1114520300.0,54986.28,60185.215,63191.367,0,2
2021-11-29,55811.0,57412.0,56508.0,57202.0,1000391600.0,56426.79,60849.54,64212.023,0,2
2021-11-30,51554.5,57699.0,53633.0,56508.0,1889433700.0,55062.883,60173.855,66694.49,0,2
2021-12-01,41498.5,53856.5,49205.0,53633.0,2805872600.0,56283.062,60343.062,63373.44,0,2
2021-12-02,47800.5,49765.0,49434.0,49205.0,801774900.0,50842.004,54838.83,59571.36,0,0
2021-12-03,47156.5,50935.0,50467.0,49434.0,1285109700.0,50205.08,54207.734,63222.168,0,0
2021-12-04,50058.0,51973.5,50618.5,50467.0,785385400.0,53286.39,58270.67,56434.777,0,0
2021-12-05,48639.0,51232.5,50493.5,50618.5,784151500.0,65885.32,67122.51,61151.64,0,2
2021-12-06,47350.0,50839.5,47567.0,50493.5,920742500.0,56935.348,60645.98,64336.29,0,2
2021-12-07,46909.0,50100.0,47161.0,47567.0,1019266500.0,55003.285,58780.21,63895.28,0,0
2021-12-08,46767.5,49496.0,49391.0,47161.0,703781800.0,54656.957,58435.062,63640.51,0,2
2021-12-09,48631.5,50785.0,50066.5,49391.0,577168000.0,56831.348,60503.332,63958.094,0,2
2021-12-10,45707.0,50191.0,46689.5,50066.5,1179530000.0,60282.137,63642.84,66366.27,0,2
2021-12-11,46280.5,48666.0,48356.5,46689.5,891591600.0,54001.848,58813.465,64095.266,0,2
2021-12-12,46532.0,49514.5,48880.0,48356.5,1179756100.0,55885.777,59575.04,63039.684,0,2
2021-12-13,47475.0,49437.0,47630.0,48880.0,693052200.0,54245.312,58724.508,62198.406,0,2
2021-12-14,45422.5,47988.5,46152.0,47630.0,1051363900.0,59162.36,62196.95,63894.703,0,2
2021-12-15,45485.5,47345.5,46829.0,46152.0,537933800.0,54166.734,57291.363,61432.33,0,2
2021-12-16,46408.0,48270.5,46650.5,46829.0,759820400.0,58449.27,59878.04,63556.953,0,2
2021-12-17,45561.0,47532.0,46892.0,46650.5,923172900.0,56499.234,58880.695,66099.97,0,2
2021-12-18,46657.0,49299.0,48879.0,46892.0,841803900.0,61074.37,63140.188,68442.4,0,2
2021-12-19,48451.0,49665.5,48574.5,48879.0,561561700.0,59157.62,62991.547,67071.664,0,2
2021-12-20,48002.0,51368.5,50815.5,48574.5,848398800.0,59444.83,63304.715,69595.984,0,2
2021-12-21,50404.5,51874.0,50800.0,50815.5,746250000.0,60607.523,63939.418,67669.125,0,2
2021-12-22,50005.0,51177.0,50380.0,50800.0,506531400.0,60148.734,62839.156,70324.72,0,2
2021-12-23,49408.5,51314.5,50775.0,50380.0,602764000.0,58471.625,62169.797,71122.28,0,2
2021-12-24,50436.0,52147.0,50700.0,50775.0,725148600.0,58011.227,62515.92,67831.984,0,2
2021-12-25,47242.0,50700.0,47536.0,50700.0,1063412600.0,59866.63,62922.227,68304.8,0,2
2021-12-26,46000.0,48105.0,46415.5,47536.0,942432900.0,55599.355,59221.76,66200.305,0,2
2021-12-27,45872.5,47882.5,47111.0,46415.5,740468800.0,56489.438,59311.63,64119.5,0,2
2021-12-28,45500.0,48546.0,46200.0,47111.0,1045402500.0,54891.3,58287.082,63716.7,0,2
2021-12-29,46192.5,47925.5,47728.5,46200.0,543638500.0,58616.406,60671.316,63714.855,0,2
2021-12-30,46647.5,47992.0,47300.0,47728.5,539072000.0,58439.69,60121.098,64833.84,0,2
2021-12-31,45668.5,47577.0,46425.0,47300.0,760545500.0,56325.71,58952.61,66337.84,0,2
2022-01-01,45500.0,47535.5,45796.0,46425.0,799086600.0,58355.715,60951.67,64449.414,0,2
2022-01-02,42428.0,47067.5,43395.0,45796.0,1753918300.0,54271.91,57675.305,62724.76,0,2
2022-01-03,42333.0,43750.0,43072.0,43395.0,677677400.0,53040.22,55952.715,61772.125,0,2
2022-01-04,40551.0,43131.5,41542.5,43072.0,1289970100.0,52598.94,55296.22,60515.082,0,2
2022-01-05,40491.5,42289.0,41659.5,41542.5,704883100.0,49629.5,52412.965,56853.617,0,2
2022-01-06,41189.0,42750.0,41852.5,41659.5,582614300.0,50409.184,52846.184,55159.58,0,2
2022-01-07,39609.0,42227.5,41800.0,41852.5,1184377100.0,49768.24,51734.906,53024.285,0,2
2022-01-08,41251.0,43090.5,42715.0,41800.0,761201700.0,52132.504,52552.63,51181.027,0,2
2022-01-09,42448.5,44666.0,43898.5,42715.0,762495800.0,53727.04,53948.38,53746.83,0,2
2022-01-10,42330.5,44403.0,42554.5,43898.5,921101900.0,54477.254,55190.812,56023.074,0,2
2022-01-11,41751.5,43460.0,43058.5,42554.5,729986800.0,55566.91,54242.49,59301.273,0,2
2022-01-12,42571.5,43800.0,43075.0,43058.5,500524900.0,57711.73,57278.805,61289.82,0,2
2022-01-13,42603.5,43478.0,43065.0,43075.0,481471900.0,55351.617,56961.414,62056.312,0,2
2022-01-14,41550.0,43172.0,42207.5,43065.0,615739200.0,55418.57,57234.12,62676.723,0,2
2022-01-15,41250.0,42718.5,42362.5,42207.5,604009300.0,55389.3,56283.45,61230.21,0,2
2022-01-16,41111.5,42579.0,41653.0,42362.5,800597500.0,54244.96,55431.504,60739.703,0,2
2022-01-17,40531.5,43503.0,40650.0,41653.0,924430500.0,53854.293,54497.93,60717.27,0,2
2022-01-18,35394.5,41067.0,36436.5,40650.0,2100109600.0,55097.34,54942.316,59463.918,0,2
2022-01-19,33973.0,36799.5,35052.0,36436.5,1213128000.0,49845.246,49735.55,55932.906,0,2
2022-01-20,34613.0,36513.5,36252.0,35052.0,787106900.0,54033.004,52247.16,55592.703,0,2
2022-01-21,32898.5,37560.0,36657.5,36252.0,1752304000.0,50891.906,51953.445,56677.527,0,2
2022-01-22,35717.0,37539.0,36949.0,36657.5,895249700.0,57599.38,56079.258,56225.875,0,2
2022-01-23,36260.0,38906.0,36819.0,36949.0,1077510300.0,59285.684,56325.965,57210.13,0,2
2022-01-24,35514.0,37246.5,37163.5,36819.0,821052200.0,54983.977,54536.63,56461.12,0,2
2022-01-25,36166.0,38002.0,37710.0,37163.5,615703100.0,59178.438,57630.062,57126.523,0,2
2022-01-26,37281.5,38745.0,38174.0,37710.0,577571500.0,56315.383,55378.277,57505.17,0,2
2022-01-27,37342.5,38368.5,37893.5,38174.0,459399600.0,55701.926,55396.01,59290.938,0,2
2022-01-28,36629.5,38745.0,38473.0,37893.5,722617500.0,56486.4,55610.93,60864.14,0,2
2022-01-29,38000.0,39330.5,38687.0,38473.0,884188200.0,56062.32,55674.72,59178.863,0,2
2022-01-30,36602.5,38865.0,36904.5,38687.0,746883200.0,54980.652,54588.74,59958.457,0,2
2022-01-31,36222.5,37379.0,37310.0,36904.5,593239500.0,52357.688,52768.746,58944.85,0,2
2022-02-01,37025.0,41737.0,41585.5,37310.0,1127249600.0,53001.996,53127.516,58201.44,0,2
2022-02-02,40955.0,41949.5,41387.0,41585.5,601055700.0,54009.895,55142.83,58843.676,0,2
2022-02-03,41133.0,42693.0,42375.5,41387.0,569456200.0,59681.152,56985.07,65002.203,0,2
2022-02-04,41623.5,44550.0,43845.5,42375.5,931253100.0,54878.773,53937.4,66058.76,0,2
2022-02-05,42690.0,45530.0,44045.0,43845.5,1229701300.0,54931.715,56250.848,62466.562,0,2
2022-02-06,43116.5,44829.5,44403.0,44045.0,788580400.0,55519.26,56781.09,63451.152,0,2
2022-02-07,43200.0,45853.5,43491.5,44403.0,1287302000.0,54145.71,55891.387,62883.152,0,2
2022-02-08,41934.5,43930.5,42378.0,43491.5,989645700.0,55568.96,56017.824,59739.367,0,2
2022-02-09,41655.0,43002.0,42200.5,42378.0,531980800.0,55004.277,56594.945,58008.668,0,2
2022-02-10,41850.0,42772.5,42061.5,42200.5,520665300.0,52574.99,53983.703,60837.914,0,2
2022-02-11,41516.0,42891.0,42535.5,42061.5,719497200.0,53281.5,54190.496,59849.285,0,2
2022-02-12,42438.0,44765.0,44560.0,42535.5,691393000.0,52899.22,54100.34,57603.883,0,2
2022-02-13,43320.0,44562.5,43878.5,44560.0,659130900.0,53132.527,54444.168,57017.215,0,2
2022-02-14,40066.0,44160.0,40516.0,43878.5,1178660200.0,52593.56,53751.746,58353.67,0,2
2022-02-15,39441.0,40960.0,39988.0,40516.0,804704000.0,51589.44,53130.63,54050.96,0,2
2022-02-16,39638.0,40450.0,40083.5,39988.0,405770300.0,50617.203,53336.055,55803.613,0,2
2022-02-17,37956.5,40120.0,38386.5,40083.5,840769300.0,47689.785,50577.465,59942.656,0,2
2022-02-18,36800.0,39499.0,37014.0,38386.5,1341356400.0,47019.992,50315.027,56740.92,0,2
2022-02-19,36321.0,38435.0,38240.0,37014.0,887993200.0,43216.61,46845.254,52081.26,0,2
2022-02-20,37050.0,39270.0,37262.0,38240.0,825792400.0,41772.043,45610.99,52190.434,0,2
2022-02-21,34348.5,40051.5,38330.0,37262.0,1926224100.0,43533.43,45690.855,52799.348,0,2
2022-02-22,37970.0,39677.5,39207.5,38330.0,872453700.0,45045.664,45773.004,48016.19,0,2
2022-02-23,38583.5,40291.0,39115.0,39207.5,535537500.0,47592.49,46587.023,51581.75,0,2
2022-02-24,36965.0,39879.0,37693.0,39115.0,898544700.0,48291.53,49342.94,56787.684,0,2
2022-02-25,37434.5,44584.0,43176.5,37693.0,1368628000.0,49632.676,49620.637,52467.355,0,2
2022-02-26,42861.0,44971.0,44427.0,43176.5,1009734100.0,52350.168,53227.523,52869.133,0,2
2022-02-27,43300.0,45356.5,43909.0,44427.0,1139678100.0,52529.707,53429.082,63150.89,0,2
2022-02-28,41820.0,44088.0,42439.5,43909.0,1004227200.0,55358.293,56149.543,62917.594,0,2
2022-03-01,38500.0,42508.0,39128.5,42439.5,1137405600.0,53507.277,55548.652,54489.13,0,2
2022-03-02,38549.5,39578.0,39375.5,39128.5,481970100.0,48998.656,51380.844,53359.625,0,2
2022-03-03,38075.0,39693.0,38400.5,39375.5,889739400.0,49233.92,51772.637,54623.19,0,2
2022-03-04,37135.5,39545.0,37967.0,38400.5,1194820500.0,48813.62,51136.926,55941.43,0,2
2022-03-05,37857.0,39381.0,38723.5,37967.0,1087892900.0,52826.71,53630.984,52324.72,0,2
2022-03-06,38641.5,42596.5,41954.5,38723.5,1079137900.0,50681.93,51185.184,52968.71,0,2
2022-03-07,38420.0,42037.0,39418.0,41954.5,1351599500.0,51794.887,52898.043,55103.17,0,2
2022-03-08,38239.0,40245.5,38714.5,39418.0,979194400.0,49811.023,51199.4,56364.758,0,2
2022-03-09,38645.5,39480.0,38794.0,38714.5,377767900.0,47425.695,49880.676,53758.363,0,2
2022-03-10,37548.0,39306.5,37749.0,38794.0,607095300.0,46969.453,50276.918,56433.38,0,2
2022-03-11,37527.5,39916.5,39662.0,37749.0,721078400.0,49260.844,51737.152,57081.375,0,2
2022-03-12,38112.0,39892.0,39280.5,39662.0,677379000.0,48298.65,51283.51,54217.836,0,2
2022-03-13,38752.0,41790.0,41115.5,39280.5,1212441800.0,42979.234,48170.0,57362.043,0,2
2022-03-14,40450.0,41472.0,40914.0,41115.5,519838500.0,46558.883,49946.39,56462.03,0,2
2022-03-15,40160.0,42352.0,41768.5,40914.0,691900400.0,49006.004,50969.57,56116.94,0,2
2022-03-16,41509.5,42429.0,42222.0,41768.5,463051600.0,51710.336,52395.96,57095.1,0,2
2022-03-17,40902.0,42293.5,41268.0,42222.0,703329300.0,53191.84,53137.03,57387.953,0,2
2022-03-18,40421.5,41541.0,40983.0,41268.0,1161427500.0,52745.977,53134.152,56731.504,0,2
2022-03-19,40867.5,43420.5,42354.0,40983.0,1139088700.0,52158.02,53200.53,55106.258,0,2
2022-03-20,41691.5,43024.0,42892.0,42354.0,918961000.0,54117.31,54567.484,55781.355,0,2
2022-03-21,42270.0,44240.0,43991.0,42892.0,1057549400.0,51327.68,53321.87,58949.586,0,2
2022-03-22,43590.0,45110.0,44298.5,43991.0,923049300.0,50166.11,52005.58,58451.023,0,2
2022-03-23,44060.0,44799.5,44526.5,44298.5,476254000.0,54431.453,54872.33,55635.836,0,2
2022-03-24,44435.0,46966.0,46816.0,44526.5,721266600.0,53694.15,54711.266,57549.25,0,2
2022-03-25,46666.5,48178.5,47130.0,46816.0,889697000.0,53380.215,55076.52,57885.02,0,2
2022-03-26,46955.0,48120.5,47444.0,47130.0,939962900.0,53786.938,56180.703,57924.23,0,2
2022-03-27,46528.0,47701.0,47050.5,47444.0,879573200.0,53331.016,55785.133,58742.03,0,2
2022-03-28,45188.5,47604.5,45504.0,47050.5,941261200.0,53351.7,55965.676,58610.04,0,2
2022-03-29,44178.0,46720.0,46269.5,45504.0,1140415500.0,53901.71,55761.25,59348.754,0,2
2022-03-30,45610.5,47222.5,45814.0,46269.5,663368100.0,53837.754,55473.695,60861.668,0,2
2022-03-31,45542.0,47458.0,46406.0,45814.0,750019800.0,53462.45,54899.973,59273.39,0,2
2022-04-01,45119.0,46900.0,46605.0,46406.0,823856000.0,53767.027,55611.63,57910.727,0,2
2022-04-02,45362.0,47227.5,45498.0,46605.0,785301200.0,52973.68,55177.777,56624.24,0,2
2022-04-03,43111.5,45498.5,43167.5,45498.0,935902100.0,53684.43,55495.418,55453.465,0,2
2022-04-04,42668.0,43896.0,43420.0,43167.5,546187700.0,50665.516,53488.06,56651.32,0,2
2022-04-05,42077.5,43977.0,42247.0,43420.0,868570000.0,49375.363,52062.207,57840.637,0,2
2022-04-06,42085.0,42790.5,42744.5,42247.0,422082900.0,48118.33,51282.375,57089.668,0,2
2022-04-07,41860.5,43400.0,42150.0,42744.5,683558200.0,47991.453,51510.22,54943.438,0,2
2022-04-08,39180.0,42392.0,39509.5,42150.0,1258020500.0,45978.18,49856.61,54467.14,0,2
2022-04-09,39254.5,40705.0,40075.5,39509.5,908986500.0,42780.11,47232.953,51873.59,0,0
2022-04-10,39584.0,41532.5,41120.0,40075.5,744860200.0,41700.555,44307.457,52700.293,0,0
2022-04-11,39550.0,41497.5,39929.0,41120.0,621954900.0,43044.47,45695.48,50938.402,0,0
2022-04-12,39750.0,40861.5,40530.5,39929.0,369508600.0,46406.035,47191.715,51045.133,0,2
2022-04-13,39946.0,40700.0,40366.5,40530.5,343249800.0,46148.21,46715.76,52447.812,0,2
2022-04-14,39526.5,40575.0,39661.5,40366.5,423384600.0,46376.18,47895.09,52328.793,0,2
2022-04-15,38376.5,41133.0,40793.5,39661.5,835687200.0,47524.824,48621.973,53574.332,0,2
2022-04-16,40502.0,41783.5,41470.0,40793.5,450867800.0,46107.67,47393.75,51082.82,0,2
2022-04-17,40860.0,42205.5,41356.0,41470.0,623091200.0,47357.02,48003.633,52831.273,0,2
2022-04-18,39721.5,42984.0,40453.5,41356.0,739860700.0,48180.535,48806.887,54830.08,0,2
2022-04-19,39129.0,40810.0,39678.0,40453.5,428905400.0,50087.074,49703.016,53833.086,0,2
2022-04-20,39280.0,40039.0,39437.5,39678.0,297015500.0,49077.848,49757.355,56413.203,0,2
2022-04-21,38887.5,39935.5,39445.0,39437.5,493912100.0,47687.62,49464.53,57190.22,0,2
2022-04-22,38161.0,40690.0,40416.5,39445.0,811178100.0,49122.7,51254.746,55764.484,0,2
2022-04-23,37651.0,40814.0,38085.5,40416.5,817837800.0,52602.97,52696.598,55277.08,0,2
2022-04-24,37857.0,39455.5,39219.0,38085.5,731989700.0,50690.62,50742.15,54875.4,0,2
2022-04-25,38883.5,40373.0,39733.5,39219.0,728854200.0,49011.137,50295.18,55892.613,0,2
2022-04-26,38165.5,39909.5,38568.0,39733.5,511851400.0,50973.473,52207.363,58634.215,0,2
2022-04-27,37553.0,38768.0,37620.0,38568.0,322171600.0,52434.7,53825.742,57098.906,0,2
2022-04-28,37379.0,38700.0,38457.5,37620.0,443567200.0,48772.43,50244.277,56250.027,0,2
2022-04-29,38037.5,39150.0,38500.5,38457.5,596538100.0,47321.953,50035.57,57164.168,0,2
2022-04-30,37491.5,38633.5,37715.0,38500.5,458253100.0,51207.113,52258.64,57506.95,0,2
2022-05-01,37663.5,40040.5,39692.0,37715.0,688377200.0,47980.766,50516.227,55456.47,0,2
2022-05-02,35485.0,39822.5,36515.5,39692.0,1152138900.0,50207.688,51655.875,56721.18,0,2
2022-05-03,35220.0,36632.0,36002.0,36515.5,629866100.0,45189.01,47755.727,54392.1,0,2
2022-05-04,34696.5,36099.0,35443.5,36002.0,358045500.0,47262.914,46869.863,53151.016,0,2
2022-05-05,33607.5,35471.5,34013.5,35443.5,702297700.0,43605.797,45528.254,52612.535,0,2
2022-05-06,30021.0,34215.0,30066.0,34013.5,1761504200.0,47845.78,47965.164,52375.2,0,2
2022-05-07,29718.5,32636.0,30991.5,30066.0,1176515400.0,44120.473,42179.746,47884.21,0,2
2022-05-08,27655.0,32133.5,28954.0,30991.5,1878828800.0,47269.28,44270.52,46227.74,0,2
2022-05-09,25302.5,30124.0,28929.5,28954.0,1351009000.0,45009.004,42363.47,43789.918,0,2
2022-05-10,28668.0,30983.0,29226.5,28929.5,675636400.0,47818.56,44186.453,40621.074,0,2
2022-05-11,28578.0,30295.0,30033.0,29226.5,504858700.0,42647.938,41040.9,44087.117,0,2
2022-05-12,29440.0,31416.0,31273.5,30033.0,418586600.0,47267.926,45097.37,49907.35,0,2
2022-05-13,29051.0,31276.0,29822.0,31273.5,747451300.0,56596.67,51469.008,52331.816,0,2
2022-05-14,29346.0,30739.5,30400.5,29822.0,609220300.0,51701.31,49390.848,53225.117,0,2
2022-05-15,28588.5,30675.0,28650.5,30400.5,679961600.0,54029.363,50405.547,52752.64,0,2
2022-05-16,28639.5,30495.0,30292.5,28650.5,581143500.0,48257.07,47245.01,51651.793,0,2
2022-05-17,28657.0,30784.5,29173.0,30292.5,672501700.0,52654.426,49688.33,51831.79,0,2
2022-05-18,28913.0,29613.0,29400.5,29173.0,314652800.0,47596.438,45914.633,51694.95,0,2
2022-05-19,29220.0,30460.0,30268.5,29400.5,400415300.0,50477.965,47645.492,52113.254,0,2
2022-05-20,28819.5,30632.5,29058.0,30268.5,648131500.0,47833.023,46690.363,52412.9,0,2
2022-05-21,28606.0,29830.0,29620.0,29058.0,577348400.0,48049.95,47212.66,53367.81,0,2
2022-05-22,29297.5,30194.0,29510.0,29620.0,480177200.0,47727.523,46514.69,52307.348,0,2
2022-05-23,27977.0,29847.5,29172.5,29510.0,824038400.0,47042.29,46603.703,54980.984,0,2
2022-05-24,28230.5,29354.5,28580.0,29172.5,629985300.0,48647.934,47902.566,55023.293,0,2
2022-05-25,28488.5,29220.0,28990.0,28580.0,218075000.0,43024.027,45048.01,50686.12,0,2
2022-05-26,28800.0,29550.5,29430.0,28990.0,266404000.0,39225.58,42374.453,58996.1,0,2
2022-05-27,29272.0,32173.5,31702.0,29430.0,785382000.0,42717.85,45619.984,57431.87,0,2
2022-05-28,31185.0,32372.5,31756.0,31702.0,628204700.0,42541.973,44674.637,53626.37,0,2
2022-05-29,29283.5,31958.0,29782.0,31756.0,829586800.0,50821.48,48560.96,53971.367,0,2
2022-05-30,29558.0,30734.5,30422.5,29782.0,490755000.0,42570.457,43006.805,49115.246,0,2
2022-05-31,29236.5,30674.5,29664.5,30422.5,536259400.0,43552.7,44822.516,53880.59,0,2
2022-06-01,29435.0,29968.5,29833.0,29664.5,383765000.0,45324.133,45947.59,58168.82,0,2
2022-06-02,29498.0,30154.5,29870.5,29833.0,511447600.0,44821.645,45228.44,53067.29,0,2
2022-06-03,29850.0,31737.5,31333.0,29870.5,666760700.0,41750.086,42974.617,51676.957,0,2
2022-06-04,29166.5,31548.5,31110.0,31333.0,988898200.0,41995.277,42852.574,50218.668,0,2
2022-06-05,29812.5,31285.0,30175.0,31110.0,483844500.0,43512.227,44076.98,50045.848,0,2
2022-06-06,29909.0,30675.0,30061.5,30175.0,386918300.0,41332.734,42033.71,47499.83,0,2
2022-06-07,28800.0,30345.0,29050.0,30061.5,622441800.0,42126.105,42374.453,50576.49,0,2
2022-06-08,28085.0,29399.5,28375.0,29050.0,712230600.0,43506.266,44011.117,51258.01,0,2
2022-06-09,26500.0,28490.0,26530.0,28375.0,743610200.0,41154.863,41976.203,51339.61,0,2
2022-06-10,21870.0,26900.0,22429.5,26530.0,1890047300.0,38758.195,40255.45,53618.766,0,2
2022-06-11,20780.5,23350.0,22097.0,22429.5,1258990500.0,38425.7,41392.93,56867.633,0,2
2022-06-12,20014.5,22877.0,22539.5,22097.0,1428767700.0,34306.047,39028.324,52230.773,0,2
2022-06-13,20189.0,22949.5,20355.5,22539.5,638516700.0,35234.227,37284.984,54862.555,0,2
2022-06-14,20195.0,21349.0,20424.0,20355.5,583559700.0,31879.121,33150.355,41234.08,0,2
2022-06-15,17568.5,20734.5,18951.5,20424.0,1135597600.0,26850.37,26820.633,36378.754,0,0
2022-06-16,17886.0,20771.0,20535.5,18951.5,891236800.0,29769.51,27432.594,35169.418,0,0
2022-06-17,19600.0,21049.0,20539.5,20535.5,545908100.0,36852.254,33472.496,35343.582,0,2
2022-06-18,20318.0,21693.5,20691.5,20539.5,515548300.0,31529.92,31136.705,35463.652,0,2
2022-06-19,19736.5,20872.0,19965.5,20691.5,598570900.0,33550.656,31271.498,39440.863,0,2
2022-06-20,19866.0,21208.0,21078.5,19965.5,413994400.0,33413.492,30839.053,33389.8,0,2
2022-06-21,20700.0,21535.0,21209.0,21078.5,395344100.0,36091.47,33067.523,35005.48,0,2
2022-06-22,20890.0,21594.5,21473.5,21209.0,259914100.0,32609.34,32967.36,41140.754,0,2
2022-06-23,20951.0,21871.0,21031.5,21473.5,304478200.0,32518.84,32948.246,39528.562,0,2
2022-06-24,20456.0,21511.0,20713.5,21031.5,404810700.0,30000.96,32081.2,38403.023,0,2
2022-06-25,20166.0,21180.0,20250.0,20713.5,382650800.0,28286.352,31240.328,40682.94,0,2
2022-06-26,19797.5,20418.0,20081.5,20250.0,384543700.0,30167.387,31546.943,40551.54,0,2
2022-06-27,18558.0,20133.5,19924.0,20081.5,628788900.0,31964.355,32250.053,39027.86,0,2
2022-06-28,18932.0,20885.5,19256.0,19924.0,591767100.0,32234.053,32792.375,40466.023,0,2
2022-06-29,18930.5,19432.5,19215.5,19256.0,232154700.0,32731.756,30857.064,43268.348,0,2
2022-06-30,18751.5,19640.0,19281.5,19215.5,367221600.0,37346.363,33504.035,39675.742,0,2
2022-07-01,19017.0,20310.5,20201.0,19281.5,491375400.0,36095.79,33706.67,41596.312,0,2
2022-07-02,19265.5,20734.0,20146.0,20201.0,731142900.0,39153.01,35957.95,49189.53,0,2
2022-07-03,19735.5,20650.0,20541.5,20146.0,491020700.0,36836.715,33287.21,54271.582,0,2
2022-07-04,20218.5,21831.0,21604.0,20541.5,457371700.0,36211.227,31610.697,43823.4,0,2
2022-07-05,21162.5,22488.5,21574.5,21604.0,565984000.0,39020.03,36203.875,38300.586,0,2
2022-07-06,21300.0,21942.0,21577.0,21574.5,319562500.0,38738.12,37110.24,41509.688,0,2
2022-07-07,20627.0,21583.5,20835.5,21577.0,358502400.0,40160.504,36845.152,48016.17,0,2
2022-07-08,19860.0,20836.0,19944.5,20835.5,460903500.0,38215.895,34649.625,51577.5,0,2
2022-07-09,19212.0,20023.5,19302.0,19944.5,463694400.0,37633.137,33147.5,48705.062,0,2
2022-07-10,18855.0,20325.0,20214.5,19302.0,749052500.0,35837.28,31846.057,45331.227,0,2
2022-07-11,19585.0,20869.0,20571.5,20214.5,505038700.0,34348.816,30999.762,42004.254,0,2
2022-07-12,20363.5,21184.0,20818.0,20571.5,442162800.0,35086.5,32281.9,32792.344,0,2
2022-07-13,20465.0,21583.5,21182.5,20818.0,380700000.0,36038.375,34416.67,34295.695,0,2
2022-07-14,20710.0,21678.5,20790.0,21182.5,351244600.0,35754.266,34482.855,40100.812,0,2
2022-07-15,20750.0,22751.0,22435.0,20790.0,640250700.0,37938.836,36660.77,40142.395,0,2
2022-07-16,21575.5,23800.0,23391.5,22435.0,820901700.0,37462.242,36897.94,46269.867,0,2
2022-07-17,22912.5,24271.5,23219.5,23391.5,682191300.0,38972.137,39072.68,47753.656,0,2
2022-07-18,22340.0,23418.5,23150.0,23219.5,531409600.0,39799.047,39841.64,44632.316,0,2
2022-07-19,22490.0,23750.0,22679.5,23150.0,469292100.0,37888.836,38483.03,47662.28,0,2
2022-07-20,21945.0,22986.0,22442.0,22679.5,419423900.0,38004.188,35944.824,50565.023,0,2
2022-07-21,22261.5,23000.0,22580.0,22442.0,361068600.0,39785.38,37117.812,47930.46,0,2
2022-07-22,21234.0,22653.5,21280.0,22580.0,539913400.0,37175.402,34856.336,43167.508,0,2
2022-07-23,20720.0,21334.5,21238.5,21280.0,447001900.0,36083.855,34689.52,38064.992,0,2
2022-07-24,21007.5,23114.0,22949.0,21238.5,600093600.0,34691.215,33022.812,38287.277,0,2
2022-07-25,22590.5,24190.0,23841.5,22949.0,698169400.0,35651.363,34730.223,41410.508,0,2
2022-07-26,23258.0,24444.0,23769.5,23841.5,630897500.0,35881.27,36814.055,40500.113,0,2
2022-07-27,23081.0,24684.0,23644.0,23769.5,512903400.0,36364.508,37012.062,42797.99,0,2
2022-07-28,23226.5,24191.0,23299.0,23644.0,356673400.0,36723.027,36811.664,44560.504,0,2
2022-07-29,22838.5,23498.5,23264.0,23299.0,445578500.0,37558.74,36742.973,45207.61,0,2
2022-07-30,22651.0,23461.0,22978.0,23264.0,483740000.0,37342.86,36115.918,46467.652,0,2
2022-07-31,22690.5,23653.5,22812.5,22978.0,415833800.0,36951.973,35079.12,46589.68,0,2
2022-08-01,22371.5,23213.5,22603.0,22812.5,502826700.0,36508.44,34201.996,45643.73,0,2
2022-08-02,22570.5,23463.0,23302.5,22603.0,527101500.0,34461.94,32091.896,41664.7,0,2
2022-08-03,22905.0,23347.0,22953.5,23302.5,212847700.0,32888.406,31788.996,37661.53,0,2
2022-08-04,22835.0,23401.5,23168.5,22953.5,235344200.0,32802.57,31812.418,34086.56,0,2
2022-08-05,23150.0,24235.0,23804.5,23168.5,420842900.0,32967.34,32372.25,35955.68,0,2
2022-08-06,22861.0,23915.0,23134.5,23804.5,408634000.0,32162.055,32314.996,36048.957,0,2
2022-08-07,22607.5,24228.0,23952.5,23134.5,563159200.0,34392.668,34913.754,32226.617,0,2
2022-08-08,23853.0,24910.0,23938.0,23952.5,498051000.0,34340.848,35259.43,38750.945,0,2
2022-08-09,23558.0,24440.0,24396.0,23938.0,342401800.0,37171.773,36551.195,48099.61,0,2
2022-08-10,24276.0,24898.0,24444.5,24396.0,282161800.0,37687.34,36821.73,50848.242,0,2
2022-08-11,24136.0,25000.0,24298.0,24444.5,332731000.0,37124.832,34800.28,47103.52,0,2
2022-08-12,23756.0,25246.5,24099.5,24298.0,583648400.0,37639.164,36463.82,39313.965,0,2
2022-08-13,23666.0,24236.5,23842.5,24099.5,350314100.0,33548.54,33921.824,36640.492,0,2
2022-08-14,23169.0,24434.0,23323.5,23842.5,505067500.0,36430.285,36116.742,39804.902,0,2
2022-08-15,23100.5,23580.0,23188.5,23323.5,327916400.0,36610.312,34991.93,45703.63,0,2
2022-08-16,20776.5,23192.0,20818.5,23188.5,765957700.0,38132.133,35813.477,44287.188,0,2
2022-08-17,20758.0,21350.0,21127.0,20818.5,332625600.0,34151.773,32658.62,45281.074,0,2
2022-08-18,21061.0,21800.0,21508.0,21127.0,322858400.0,32894.52,29748.693,42914.445,0,2
2022-08-19,20859.0,21525.0,21390.5,21508.0,425906800.0,32765.564,29941.766,43359.844,0,2
2022-08-20,20874.0,21680.0,21506.5,21390.5,409881700.0,30343.455,29748.637,36489.58,0,2
2022-08-21,21137.0,21885.0,21356.0,21506.5,343581200.0,23634.748,23815.535,32098.582,0,0
2022-08-22,21301.5,21810.0,21552.5,21356.0,311078500.0,26653.025,26200.34,35245.297,0,2
2022-08-23,20100.0,21876.0,20224.5,21552.5,698218600.0,24113.03,25646.688,33902.277,0,2
2022-08-24,19751.0,20358.5,20024.5,20224.5,334459000.0,20544.0,22481.92,34776.027,0,0
2022-08-25,19517.5,20146.5,19552.5,20024.5,331404200.0,23006.273,25285.258,38756.586,0,2
2022-08-26,19500.0,20497.0,20286.0,19552.5,456076400.0,17940.797,21490.32,34428.457,0,1
2022-08-27,19526.5,20584.5,19803.0,20286.0,563444000.0,27441.207,26552.879,37416.266,0,2
2022-08-28,19791.0,20477.0,20032.0,19803.0,482308000.0,25697.963,25605.383,26995.941,0,2
2022-08-29,19553.0,20193.0,20125.5,20032.0,518485200.0,24854.508,24965.709,26431.719,0,2
2022-08-30,19745.0,20437.0,19950.0,20125.5,426544700.0,23573.682,24608.129,28373.041,0,2
2022-08-31,19593.5,20045.0,19821.5,19950.0,245736500.0,25614.54,24805.584,30049.297,0,2
2022-09-01,19584.5,20017.5,19988.5,19821.5,362813100.0,23021.012,23070.887,29303.623,0,2
2022-09-02,19620.5,20055.0,19782.5,19988.5,443451400.0,19836.707,22192.938,27116.41,0,2
2022-09-03,18652.5,20178.0,18775.0,19782.5,780869400.0,20520.805,21728.795,33148.574,0,2
2022-09-04,18514.5,19456.5,19283.5,18775.0,351878400.0,23351.93,24108.223,36608.957,0,2
2022-09-05,19005.0,19450.0,19307.0,19283.5,337231400.0,18744.947,21595.967,29891.252,0,2
2022-09-06,19291.0,21620.0,21363.5,19307.0,707972400.0,21096.14,21753.734,37578.438,0,2
2022-09-07,21125.5,21798.5,21636.0,21363.5,380019700.0,25903.402,25183.807,30875.832,0,2
2022-09-08,21342.5,21864.0,21822.0,21636.0,333156200.0,24428.232,28096.71,23563.22,0,2
2022-09-09,21511.5,22479.5,22395.0,21822.0,587429200.0,27680.139,31464.674,24534.732,0,2
2022-09-10,19850.0,22819.0,20162.5,22395.0,875589800.0,33184.055,34857.8,38803.414,0,2
2022-09-11,19602.0,20518.0,20216.0,20162.5,481896200.0,36609.38,36480.617,45870.375,0,2
2022-09-12,19480.5,20329.0,19694.5,20216.0,398486400.0,36716.453,34453.55,46914.316,0,2
2022-09-13,19317.0,19875.5,19789.5,19694.5,360162200.0,37257.97,32950.867,48733.363,0,2
2022-09-14,19740.5,20165.0,20110.0,19789.5,261227900.0,37327.16,34276.934,41140.016,0,2
2022-09-15,19332.0,20109.5,19414.0,20110.0,298272600.0,32714.78,29787.37,37968.547,0,2
2022-09-16,18234.0,19675.0,19533.5,19414.0,722967200.0,33374.574,30890.457,36094.523,0,2
2022-09-17,18714.5,19625.0,18869.5,19533.5,428346700.0,31835.488,29286.402,38596.19,0,2
2022-09-18,18109.0,19930.5,18450.0,18869.5,392643200.0,32916.94,29046.66,37288.78,0,2
2022-09-19,18344.5,19500.0,19389.5,18450.0,549408100.0,33421.316,30426.23,33691.586,0,2
2022-09-20,18526.5,19484.0,19280.5,19389.5,400013900.0,31199.957,29563.824,38284.7,0,2
2022-09-21,18802.5,19304.5,18914.5,19280.5,201021900.0,32934.33,30280.697,42102.43,0,2
2022-09-22,18603.5,19169.5,18800.0,18914.5,277290100.0,28118.04,25799.426,39462.61,0,2
2022-09-23,18680.5,19318.5,19218.0,18800.0,414129500.0,25080.057,22844.951,37239.367,0,2
2022-09-24,18815.0,20361.5,19064.5,19218.0,696502900.0,25508.914,24635.854,36437.562,0,2
2022-09-25,18457.5,19796.5,19412.0,19064.5,494021500.0,21160.682,20805.996,30740.273,0,2
2022-09-26,18838.0,19640.0,19582.5,19412.0,438052300.0,20803.72,21683.02,26763.43,0,2
2022-09-27,19167.0,20172.0,19414.5,19582.5,522651300.0,20409.203,22030.709,19298.941,1,2
2022-09-28,19125.5,19462.5,19302.0,19414.5,173425300.0,24725.617,25180.89,22244.322,2,2
2022-09-29,18842.5,19386.0,19041.0,19302.0,312859900.0,29373.83,28277.838,31695.113,0,2
2022-09-30,18946.0,19709.0,19625.0,19041.0,397545700.0,30221.312,27019.889,37197.89,0,2
2022-10-01,19475.0,20489.0,20334.0,19625.0,416006000.0,30848.738,28477.648,30397.486,0,2
2022-10-02,19734.0,20359.5,20152.5,20334.0,395326100.0,28921.885,29299.797,26501.209,0,2
2022-10-03,19827.5,20440.5,19950.0,20152.5,409934300.0,31132.85,31276.068,31833.135,0,2
2022-10-04,19305.5,20064.5,19518.0,19950.0,466484400.0,33106.76,32257.688,36572.047,0,2
2022-10-05,19212.0,19609.5,19412.5,19518.0,204032800.0,33225.605,32541.525,39662.312,0,2
2022-10-06,19305.5,19547.0,19437.0,19412.5,285681800.0,34829.594,32213.01,42894.812,0,2
2022-10-07,18950.5,19519.5,19121.5,19437.0,559156800.0,35359.49,32288.785,41651.535,0,2
2022-10-08,18839.0,19291.5,19050.0,19121.5,363490000.0,32776.91,30770.818,38323.395,0,2
2022-10-09,18969.0,19234.0,19150.5,19050.0,281023900.0,32066.406,29618.043,38926.87,0,2
2022-10-10,18040.0,19500.0,19371.0,19150.5,644060400.0,33185.26,29079.586,39117.48,0,2
2022-10-11,19072.0,19951.5,19173.0,19371.0,449827600.0,31388.92,29601.023,35531.04,0,2
2022-10-12,18983.0,19211.5,19054.5,19173.0,160918700.0,29732.809,27391.69,33154.49,0,2
2022-10-13,19054.5,19411.0,19254.5,19054.5,195057400.0,32026.662,29318.25,33356.926,0,2
2022-10-14,19148.5,19664.0,19540.5,19254.5,284920600.0,28730.021,27539.93,33517.203,0,2
2022-10-15,19076.0,19719.0,19319.5,19540.5,412058500.0,31133.031,29577.47,34500.598,0,2
2022-10-16,19053.0,19349.5,19120.5,19319.5,232867700.0,31329.6,29374.719,38059.184,0,2
2022-10-17,18857.0,19343.5,19031.5,19120.5,321152300.0,31426.861,27666.67,39147.21,0,2
2022-10-18,18655.0,19237.0,19160.5,19031.5,325649400.0,29946.982,27083.742,36560.895,0,2
2022-10-19,19104.5,19237.0,19196.5,19160.5,104623100.0,26486.873,24863.031,30346.7,0,2
2022-10-20,19069.0,19686.5,19566.5,19196.5,190928100.0,25503.582,24710.355,25792.064,0,2
2022-10-21,19132.0,19593.0,19326.0,19566.5,244384400.0,25302.836,25609.406,25809.232,0,2
2022-10-22,19230.5,20423.5,20077.5,19326.0,430056600.0,27326.824,27014.344,29290.104,0,2
2022-10-23,20054.0,21000.0,20760.0,20077.5,399997100.0,29149.705,28702.645,30226.668,0,2
2022-10-24,20143.5,20870.0,20289.5,20760.0,332055000.0,30169.703,30919.225,30464.756,0,2
2022-10-25,19968.0,20755.5,20597.5,20289.5,313392900.0,31062.586,31852.256,32419.707,0,2
2022-10-26,20563.0,21092.0,20805.5,20597.5,284815000.0,31228.0,32330.701,37194.63,0,2
2022-10-27,20515.5,20920.0,20629.5,20805.5,207881100.0,33554.793,32759.197,40106.562,0,2
2022-10-28,20234.0,20837.0,20490.0,20629.5,258224800.0,31679.816,33108.27,34717.31,0,2
2022-10-29,20317.5,20698.5,20470.5,20490.0,201264000.0,31495.285,32151.496,38695.23,0,2
2022-10-30,20000.0,20790.0,20137.5,20470.5,344285200.0,33840.938,33267.508,41565.773,0,2
2022-10-31,20028.0,20374.5,20200.0,20137.5,238063100.0,33234.062,32801.535,39276.83,0,2
2022-11-01,20185.0,21296.0,21136.5,20200.0,403306200.0,32200.715,32113.314,37405.656,0,2
2022-11-02,21075.5,21466.5,21294.0,21136.5,154069300.0,31846.334,32040.588,37735.254,0,2
2022-11-03,20876.0,21357.5,20902.5,21294.0,178259000.0,31286.21,32767.57,34891.656,0,2
2022-11-04,20364.5,21050.0,20578.0,20902.5,297609100.0,31278.225,32671.414,37691.324,0,2
2022-11-05,16901.0,20675.0,18530.0,20578.0,1299514200.0,32099.076,32564.21,40678.703,0,2
2022-11-06,15470.0,18568.0,15896.0,18530.0,1090937900.0,28880.58,29819.0,41166.65,0,2
2022-11-07,15695.5,18088.0,17548.0,15896.0,703470600.0,25540.172,24773.0,36904.746,0,2
2022-11-08,16350.0,17658.0,16998.5,17548.0,614605600.0,32287.822,30018.004,38742.52,0,2
2022-11-09,16575.0,17048.0,16779.5,16998.5,155017200.0,34428.293,31722.361,29751.281,0,2
2022-11-10,16211.0,16916.5,16295.5,16779.5,179614800.0,23296.598,23346.732,22684.605,0,2
2022-11-11,15791.5,17144.5,16589.5,16295.5,439267900.0,19419.375,19335.506,20706.412,0,0
2022-11-12,16492.5,17100.0,16876.0,16589.5,316562200.0,22414.99,21256.32,28229.586,0,0
2022-11-13,16369.0,16988.0,16639.5,16876.0,292968500.0,19916.867,19737.01,25773.395,0,0
2022-11-14,16400.0,16743.5,16689.5,16639.5,222940700.0,19269.502,19616.654,23794.709,0,0
2022-11-15,16537.5,16979.0,16668.5,16689.5,252243600.0,18264.008,18863.125,21211.506,0,2
2022-11-16,16507.0,16830.0,16691.0,16668.5,150072500.0,19034.775,19523.822,25435.969,0,2
2022-11-17,16159.5,16733.0,16260.5,16691.0,231499300.0,18616.062,19636.316,25055.418,0,2
2022-11-18,15400.0,16293.0,15752.5,16260.5,486527900.0,18400.684,18135.69,27485.49,0,2
2022-11-19,15608.0,16290.0,16197.0,15752.5,265144200.0,21141.45,19581.162,27821.645,0,2
2022-11-20,16140.5,16713.5,16592.0,16197.0,312993100.0,21398.951,19311.803,22477.31,0,2
2022-11-21,16460.0,16782.0,16583.5,16592.0,184522500.0,20560.69,20199.848,19126.734,0,2
2022-11-22,16307.0,16600.0,16524.0,16583.5,181552900.0,16509.543,18606.967,17507.951,0,2
2022-11-23,16343.0,16677.0,16444.0,16524.0,261141700.0,21660.338,21885.488,20737.248,0,2
2022-11-24,16378.5,16630.0,16422.5,16444.0,198318200.0,28974.312,25459.262,33101.273,0,2
2022-11-25,15990.5,16478.5,16210.5,16422.5,291013300.0,29785.234,26429.205,30354.959,0,2
2022-11-26,16094.0,16543.0,16436.5,16210.5,228630800.0,28880.328,26228.068,31449.309,0,2
2022-11-27,16432.5,17259.5,17160.0,16436.5,330940500.0,30331.578,26871.459,34544.734,0,2
2022-11-28,16859.5,17300.5,16956.5,17160.0,223270900.0,30375.82,27155.377,33849.98,0,2
2022-11-29,16706.5,17156.0,17083.0,16956.5,243226500.0,28589.86,27347.807,26453.793,0,2
2022-11-30,16858.5,17140.0,16901.5,17083.0,167423200.0,28878.096,27801.152,31218.281,0,2
2022-12-01,16900.0,17289.5,17121.5,16901.5,182830700.0,31462.982,28721.258,36141.277,0,2
2022-12-02,16855.0,17438.0,16958.0,17121.5,285656200.0,31115.879,28877.832,33783.62,0,2
2022-12-03,16913.0,17096.5,17075.0,16958.0,192769300.0,26734.271,26292.602,27498.357,0,2
2022-12-04,16650.0,17130.5,16817.5,17075.0,209194000.0,26019.775,26904.072,27840.912,0,2
2022-12-05,16731.0,17311.5,17223.0,16817.5,238949800.0,27968.96,28139.795,33088.1,0,2
2022-12-06,17058.0,17340.0,17118.5,17223.0,177900600.0,30430.598,29055.96,37520.344,0,2
2022-12-07,17098.0,17213.0,17122.0,17118.5,127838000.0,30635.584,28903.672,34777.43,0,2
2022-12-08,17071.0,17258.0,17081.5,17122.0,122080300.0,27824.164,27654.191,30982.701,0,2
2022-12-09,16870.5,17229.5,17198.5,17081.5,214568000.0,28382.42,27725.59,32954.73,0,2
2022-12-10,17073.0,18190.0,17774.5,17198.5,367733900.0,28742.854,27999.98,32864.25,0,2
2022-12-11,17663.5,18372.5,17811.5,17774.5,320468600.0,26769.6,27251.594,30668.557,0,2
2022-12-12,17270.5,17858.5,17351.5,17811.5,277202200.0,26504.844,27951.992,30578.797,0,2
2022-12-13,16517.0,17522.0,16618.5,17351.5,399703900.0,26342.113,27827.273,32776.07,0,2
2022-12-14,16582.0,16787.5,16774.0,16618.5,131645600.0,28370.227,27229.105,35261.043,0,2
2022-12-15,16661.0,16826.0,16744.5,16774.0,100875200.0,29754.096,27527.111,36338.887,0,2
2022-12-16,16240.5,16819.0,16434.5,16744.5,217570500.0,29578.637,26977.158,34625.562,0,2
2022-12-17,16390.0,17045.0,16891.5,16434.5,265697700.0,27456.615,25596.912,31048.414,0,2
2022-12-18,16718.0,16914.0,16821.5,16891.5,171217900.0,25465.51,23889.148,28803.941,0,2
2022-12-19,16553.0,16862.0,16809.5,16821.5,224080700.0,25262.36,24259.945,26382.16,0,2
2022-12-20,16745.0,16935.0,16780.5,16809.5,126032500.0,25076.996,24152.004,27495.05,0,2
2022-12-21,16780.5,16858.5,16828.5,16780.5,57711300.0,27142.883,25068.467,30258.666,0,2
2022-12-22,16707.0,16848.5,16819.0,16828.5,82197100.0,27839.426,25578.055,31056.113,0,2
2022-12-23,16647.0,16941.0,16920.0,16819.0,114548500.0,26587.967,24819.355,30017.852,0,2
2022-12-24,16579.5,16979.0,16692.0,16920.0,189277900.0,26561.0,24824.45,29466.676,0,2
2022-12-25,16456.0,16768.5,16537.5,16692.0,204995500.0,26524.225,25055.238,30260.025,0,2
2022-12-26,16477.0,16645.0,16620.0,16537.5,141152300.0,25458.395,23494.162,28738.248,0,2
2022-12-27,16322.0,16655.5,16602.0,16620.0,189409100.0,25354.607,22443.064,29235.695,0,2
2022-12-28,16424.5,16618.5,16522.0,16602.0,98777600.0,21960.727,21330.162,22953.672,0,2
2022-12-29,16482.0,16618.0,16610.0,16522.0,76694600.0,17277.494,18805.184,15696.98,1,2
2022-12-30,16544.5,16789.5,16670.0,16610.0,178201900.0,18308.496,19450.46,19758.695,2,2
2022-12-31,16596.0,16765.0,16656.0,16670.0,181530200.0,21242.727,21886.777,21079.504,0,2
2023-01-01,16639.5,16978.0,16842.5,16656.0,242691300.0,24147.723,23913.09,26078.719,0,2
2023-01-02,16750.5,16872.0,16818.0,16842.5,137907100.0,27392.904,25527.7,30494.654,0,2
2023-01-03,16665.5,17050.0,16947.0,16818.0,225178400.0,28213.133,26194.457,30188.457,0,2
2023-01-04,16908.5,16963.5,16940.0,16947.0,43963000.0,26156.27,25340.232,28917.568,0,2
2023-01-05,16907.5,17198.5,17131.0,16940.0,102481000.0,28089.094,26272.672,31233.588,0,2
2023-01-06,17110.0,17392.0,17167.5,17131.0,244785800.0,26879.361,26078.783,28674.42,0,2
2023-01-07,17149.5,17485.5,17442.5,17167.5,163484100.0,24557.996,24936.703,27135.861,0,2
2023-01-08,17305.5,18000.0,17943.0,17442.5,216653300.0,25852.846,26381.729,28723.564,0,2
2023-01-09,17909.5,19111.5,18837.5,17943.0,576284200.0,24979.748,25884.355,28000.14,0,2
2023-01-10,18716.0,19998.5,19920.0,18837.5,356284600.0,22207.27,25010.107,25958.34,0,2
